app_usage_min,apps_installed,data_usage,age,gender,total_app_usage,daily_screen_time,social,productivity,gaming,user_behavior_class,screen_on_time,battery_drain
393,67,1122,40,1,2.61,7.15,4.43,0.55,2.4,4,6.4,1872
268,42,944,47,0,2.13,13.79,4.67,4.42,2.43,3,4.7,1331
154,32,322,42,1,7.28,4.5,4.58,1.71,2.83,2,4.0,761
239,56,871,20,1,1.2,6.29,3.18,3.42,4.58,3,4.8,1676
187,58,988,31,0,6.31,12.59,3.15,0.13,4.0,3,4.3,1367
99,35,564,31,1,3.31,1.04,2.02,3.45,2.26,2,2.0,940
350,66,1054,21,0,4.81,1.52,3.76,1.58,3.59,4,7.3,1802
543,82,1702,31,1,9.53,8.85,2.66,0.28,2.93,5,11.4,2956
340,75,1053,42,0,11.35,12.8,3.39,3.05,2.46,4,7.7,2138
424,75,1301,42,1,1.8,4.11,2.14,1.2,0.96,4,6.6,1957
53,17,162,34,0,6.88,7.11,3.66,1.93,2.32,1,1.4,435
215,47,641,24,1,10.71,6.86,4.12,0.4,1.23,3,5.5,1690
462,65,1099,57,0,1.91,7.15,0.73,0.74,4.57,4,6.2,2303
215,43,857,43,1,10.07,9.09,4.16,1.49,1.68,3,4.9,1662
189,53,779,49,0,4.94,7.11,2.7,0.45,4.76,3,5.4,1754
503,84,2025,39,0,4.54,6.82,4.22,4.55,2.67,5,10.4,2571
132,32,344,47,0,11.75,7.17,2.16,0.03,3.16,2,3.6,628
299,41,985,44,0,3.21,8.68,1.9,2.42,2.71,3,5.8,1431
81,16,297,26,0,8.63,7.98,4.58,0.62,0.65,1,1.4,558
577,89,2192,29,0,10.04,12.1,1.26,1.54,1.88,5,8.5,2774
93,37,302,45,0,1.45,1.64,4.22,4.63,0.5,2,2.6,681
576,82,1553,43,0,8.37,11.83,2.42,0.81,3.11,5,11.6,2803
423,65,1372,23,0,11.47,11.97,2.57,4.83,2.23,4,6.5,2094
292,46,949,37,0,2.37,4.7,1.54,1.03,3.89,3,5.6,1401
216,59,748,58,1,10.86,7.02,2.87,3.71,1.1,3,4.0,1711
91,38,451,52,1,7.54,6.7,1.63,2.73,0.82,2,3.4,1073
444,77,1002,29,1,7.78,3.84,0.2,4.42,2.03,4,7.6,2372
512,89,1599,33,1,7.74,6.16,1.36,2.77,4.63,5,10.5,2409
452,77,1456,55,0,4.29,1.58,0.03,2.67,3.55,4,6.8,2387
412,78,1384,19,0,11.29,4.61,4.89,0.98,2.09,4,6.2,1899
260,44,889,37,0,11.42,11.62,4.83,0.83,2.59,3,6.0,1361
197,59,975,25,1,7.88,4.7,1.98,4.58,0.42,3,4.6,1660
278,55,917,21,1,9.62,11.64,3.64,1.64,4.92,3,4.7,1484
46,14,105,58,1,7.73,7.91,1.73,1.86,3.33,1,2.0,457
593,81,1616,38,0,6.33,12.44,3.36,3.8,1.43,5,10.2,2499
32,19,153,20,0,8.27,8.47,4.03,1.69,2.93,1,1.2,580
122,30,573,26,1,7.08,1.39,4.73,4.76,0.55,2,3.3,755
522,93,2328,24,1,7.57,9.78,2.0,3.69,4.83,5,11.2,2808
473,74,1400,40,1,9.62,1.58,3.92,2.99,0.87,4,6.4,2312
398,77,1180,23,1,6.29,6.86,1.33,4.4,3.24,4,6.2,1851
240,52,708,56,0,1.45,13.08,4.95,0.25,1.23,3,4.7,1464
576,83,2323,33,1,2.8,3.15,0.13,1.29,3.59,5,10.1,2447
120,39,392,43,1,5.82,6.07,3.02,2.33,3.88,2,2.1,720
152,32,429,18,1,8.97,10.49,3.3,1.13,3.37,2,3.7,993
138,21,572,56,0,7.53,12.47,3.44,3.72,3.07,2,2.4,837
502,96,1935,39,1,8.15,9.72,0.6,4.6,4.46,5,10.9,2476
558,97,1594,22,0,6.27,4.36,4.69,2.12,0.39,5,8.4,2447
138,25,323,27,0,7.77,9.77,0.91,1.71,1.65,2,3.6,889
580,90,2262,49,1,4.62,4.86,3.11,4.81,1.24,5,8.2,2623
589,82,1997,49,1,6.17,10.34,1.11,2.22,4.94,5,8.7,2736
452,61,1417,54,0,9.19,13.4,1.54,2.45,1.95,4,7.4,2180
245,52,885,29,1,10.59,10.38,2.73,1.76,3.66,3,5.9,1243
125,28,393,27,0,5.77,12.22,2.09,4.55,3.42,2,2.7,690
97,38,375,53,1,1.48,1.03,0.8,2.84,1.06,2,2.2,1101
516,83,2189,53,0,2.78,10.33,0.85,3.81,1.19,5,8.7,2857
68,14,111,30,1,1.23,11.78,2.09,4.06,1.41,1,1.6,450
64,10,161,42,0,8.19,1.53,3.79,1.71,2.06,1,1.1,572
539,89,2415,26,1,4.66,12.33,4.49,2.17,1.17,5,8.4,2796
428,75,1144,22,1,6.97,4.34,0.42,4.24,0.1,4,7.0,2306
325,64,1053,56,1,6.43,9.65,1.97,1.82,4.4,4,7.1,2269
522,85,1663,28,0,1.9,11.4,0.5,3.97,4.83,5,11.9,2798
309,77,1253,57,0,5.44,9.61,0.08,4.7,1.71,4,7.5,2292
79,14,128,55,1,3.43,2.2,3.31,3.12,1.69,1,1.9,493
545,87,1717,21,0,5.6,8.75,3.01,3.71,0.04,5,11.5,2911
459,67,1091,43,1,3.24,8.14,0.82,4.03,3.4,4,7.0,1982
225,48,917,56,1,10.24,12.7,1.17,4.23,4.13,3,4.0,1420
257,57,912,55,1,2.92,6.26,0.12,1.98,0.73,3,4.5,1705
134,35,449,28,0,11.57,5.17,4.17,0.26,0.8,2,4.0,773
516,98,1547,31,1,5.57,10.75,4.87,2.01,3.95,5,10.2,2932
82,16,284,29,0,10.31,6.36,0.68,3.37,3.08,1,1.7,558
452,64,1090,45,0,7.92,9.4,1.16,2.25,0.22,4,7.2,1808
521,97,1701,37,1,9.09,9.4,4.34,3.74,3.11,5,9.0,2902
457,66,1082,22,1,9.44,12.54,4.63,1.78,1.54,4,6.3,2347
31,11,208,50,0,6.55,8.78,2.1,3.17,1.84,1,1.1,585
47,14,125,39,1,6.98,7.53,0.25,0.93,3.85,1,2.0,476
229,43,985,23,0,6.65,2.81,0.2,3.75,4.05,3,5.7,1305
34,14,122,54,0,7.47,2.5,2.87,2.73,2.0,1,2.0,558
173,29,301,30,0,1.32,3.01,1.96,1.02,4.74,2,2.5,678
78,17,138,51,0,5.35,3.23,0.14,1.46,2.03,1,1.8,333
230,52,989,34,0,7.67,9.29,2.92,3.74,3.86,3,5.7,1254
565,99,1603,51,0,7.57,10.63,0.06,2.41,2.42,5,10.6,2475
172,22,549,41,1,9.72,7.89,3.94,1.08,4.49,2,2.8,1035
330,77,1133,21,0,8.21,11.78,1.53,4.84,4.54,4,7.2,2363
39,11,105,19,1,11.91,13.89,0.2,3.58,0.44,1,1.8,368
223,56,695,33,0,4.12,11.66,2.94,4.79,4.68,3,4.5,1311
404,63,1352,44,1,4.95,10.03,1.99,2.14,4.13,4,7.4,2081
151,25,392,39,1,5.22,7.92,4.87,2.38,3.96,2,2.4,1003
34,11,276,44,1,6.12,6.84,2.72,4.49,1.0,1,1.5,345
137,31,348,34,0,10.2,2.1,1.38,2.63,4.03,2,3.3,839
301,75,1303,45,1,3.59,6.19,3.55,3.54,4.25,4,6.2,2053
116,39,307,40,0,9.54,12.83,1.36,1.26,1.45,2,2.1,912
291,46,827,32,0,5.46,11.5,4.52,2.23,4.76,3,4.1,1474
84,16,284,56,0,7.62,3.81,1.87,0.62,0.25,1,1.4,501
134,24,367,35,1,7.96,7.07,2.75,1.03,0.75,2,2.5,1125
411,72,1083,58,1,5.1,11.62,0.25,0.0,2.69,4,7.5,2169
326,73,1454,50,1,6.64,1.88,2.13,0.2,2.88,4,7.2,2243
550,91,1946,20,1,5.54,6.04,4.16,4.89,3.23,5,9.5,2916
516,82,1968,28,0,1.76,12.07,4.03,1.21,0.08,5,12.0,2406
59,18,293,25,0,5.81,6.25,1.12,3.32,4.8,1,1.2,361
225,44,875,50,0,2.07,2.01,1.13,4.2,0.22,3,5.5,1526
41,15,136,53,1,5.46,8.05,4.09,2.75,0.72,1,1.1,389
183,45,738,19,1,7.52,12.2,4.65,0.77,0.07,3,4.1,1210
174,37,565,32,0,7.37,8.67,0.48,3.64,2.83,2,2.5,929
274,52,934,28,1,8.29,3.94,2.25,3.0,4.66,3,4.2,1781
166,28,360,25,1,2.05,6.0,1.69,3.66,3.33,2,2.8,1113
66,12,264,36,1,8.17,6.85,4.35,3.85,4.11,1,1.2,585
152,38,596,55,1,4.43,8.53,0.42,4.88,0.07,2,2.7,642
54,17,278,23,0,5.39,10.87,1.06,2.87,2.71,1,1.4,403
187,55,711,50,0,10.44,2.29,3.76,1.71,2.3,3,5.5,1754
216,41,889,39,0,1.1,12.57,0.26,3.24,2.49,3,6.0,1641
95,26,459,41,0,7.47,1.16,2.46,0.34,0.36,2,3.8,718
488,84,2344,19,1,7.59,5.81,2.21,4.49,3.42,5,8.6,2447
295,45,748,27,0,5.36,1.36,1.67,0.6,2.52,3,5.1,1483
136,33,404,42,1,3.61,6.11,1.97,1.64,3.83,2,3.2,818
471,76,1324,54,0,3.58,7.84,2.65,4.08,2.43,4,7.9,2156
121,34,596,39,1,10.72,7.65,0.81,2.99,0.75,2,3.2,651
75,13,281,18,1,5.86,3.15,2.86,1.97,3.24,1,1.2,409
220,49,909,27,0,4.64,9.39,4.03,2.37,0.86,3,5.2,1631
82,13,124,28,0,5.94,1.58,3.8,4.27,4.36,1,1.6,590
97,37,428,41,1,8.36,10.9,0.77,1.7,3.07,2,2.7,1018
388,71,1150,45,0,2.6,13.31,0.75,4.35,0.79,4,6.6,2085
529,89,2189,39,0,5.94,5.42,1.34,0.44,4.81,5,8.7,2484
584,99,2391,49,0,7.47,7.72,1.81,3.88,2.59,5,10.0,2541
529,96,1924,35,1,11.43,5.93,2.04,4.24,0.36,5,8.1,2686
227,57,714,21,1,3.78,1.09,3.4,0.91,3.13,3,5.1,1702
535,99,2378,50,1,4.95,6.02,0.28,2.15,1.27,5,11.8,2858
332,68,1321,20,0,5.17,11.29,0.17,0.83,4.02,4,7.4,2149
252,45,667,50,0,7.66,8.75,1.96,3.53,4.09,3,4.2,1439
125,34,465,31,1,4.92,2.32,3.49,2.68,4.89,2,2.5,678
97,39,412,36,0,6.87,12.01,0.97,3.18,2.51,2,3.3,751
540,90,1886,40,1,9.6,7.9,3.21,0.98,2.27,5,10.8,2923
320,69,1226,52,0,8.76,11.94,1.3,1.06,3.77,4,7.2,2056
176,30,458,40,0,5.91,8.54,4.43,0.21,0.66,2,3.6,1193
79,18,139,42,1,10.51,8.28,4.48,1.61,2.73,1,1.0,313
83,19,285,51,1,7.14,2.37,1.49,2.8,2.73,1,1.6,303
555,90,1856,55,0,6.94,3.18,1.15,4.29,0.45,5,11.3,2528
66,16,216,39,1,1.38,13.64,2.06,3.33,2.09,1,1.7,375
237,42,868,24,0,11.85,3.97,1.2,2.18,4.27,3,4.5,1368
497,94,2076,18,1,2.35,13.71,3.36,4.77,4.28,5,9.7,2876
516,91,1796,53,1,3.54,7.91,4.13,3.6,0.5,5,11.1,2429
219,42,655,50,0,1.57,2.77,3.37,4.65,0.45,3,5.2,1510
448,71,1337,51,1,8.04,2.29,4.12,2.64,1.31,4,6.3,2044
156,37,429,57,0,3.47,3.72,1.98,1.29,4.37,2,2.2,896
68,12,201,29,1,2.98,13.03,0.78,0.26,0.64,1,1.1,528
524,90,2069,29,0,1.97,6.38,3.69,3.63,3.6,5,11.2,2417
188,45,974,35,1,2.14,6.14,1.8,0.61,0.51,3,5.3,1281
443,73,1026,33,1,7.43,5.07,3.36,1.51,3.12,4,7.4,2289
52,19,234,24,1,8.57,2.91,1.35,2.66,1.78,1,1.6,385
228,58,823,56,1,5.37,7.34,0.41,2.82,3.94,3,4.2,1677
149,34,459,51,1,6.28,2.69,4.96,3.0,1.17,2,3.7,873
523,92,1539,21,1,8.55,11.86,0.78,0.83,3.2,5,9.4,2583
42,19,207,52,0,1.19,5.82,4.94,1.9,1.18,1,1.6,315
120,38,396,56,0,4.55,5.87,4.89,3.09,3.57,2,2.0,741
329,72,1185,27,0,11.7,7.16,3.97,4.85,4.37,4,7.5,2277
68,10,102,31,0,7.38,6.77,3.3,3.64,0.63,1,1.5,364
158,36,493,32,1,3.8,13.93,2.89,4.61,4.33,2,3.4,893
86,19,136,54,1,6.74,8.09,4.33,3.81,2.97,1,1.7,439
339,71,1062,51,1,4.77,2.15,1.45,2.96,0.64,4,7.8,2102
304,79,1493,51,1,6.85,8.89,2.34,0.96,2.14,4,6.5,2375
131,26,305,40,1,2.38,2.97,3.1,3.33,0.8,2,2.4,859
64,19,262,35,0,2.46,1.4,2.06,3.12,3.5,1,1.6,540
53,15,112,42,1,2.58,13.62,2.14,3.01,3.79,1,1.9,526
442,69,1440,45,1,11.34,11.06,1.65,2.45,0.53,4,7.7,2067
32,18,139,22,1,9.06,13.74,2.82,2.64,2.53,1,2.0,469
278,48,851,43,0,2.79,7.21,4.25,1.67,4.07,3,4.8,1238
540,98,1540,49,0,3.07,7.92,1.01,2.6,4.68,5,8.4,2993
595,88,2366,30,1,9.04,3.19,4.67,0.99,2.57,5,11.3,2968
35,10,158,58,1,2.72,4.21,3.45,4.03,4.75,1,1.5,467
225,44,791,55,0,3.58,11.9,4.12,0.93,2.68,3,5.4,1370
587,90,1894,47,1,11.6,5.63,2.78,0.42,1.97,5,11.8,2431
92,27,524,44,1,3.81,11.75,3.9,2.18,4.24,2,3.7,1124
46,17,208,23,1,8.28,10.22,0.08,3.29,2.46,1,1.1,487
153,25,578,37,0,11.76,3.3,4.09,2.19,2.36,2,2.8,935
368,72,1406,27,0,5.12,7.6,0.2,1.38,2.45,4,6.6,1817
51,11,113,29,0,1.19,9.81,4.45,2.79,4.23,1,1.6,509
279,47,629,50,0,3.69,4.06,4.96,1.74,4.16,3,5.2,1660
255,42,826,21,1,10.14,11.8,1.47,4.66,2.02,3,5.4,1738
193,51,972,31,0,10.51,8.08,1.05,4.61,1.67,3,5.7,1471
207,52,692,38,1,9.45,3.15,3.83,2.51,2.46,3,5.7,1582
539,83,2007,55,1,2.24,8.58,1.27,1.64,2.86,5,11.9,2853
151,38,571,33,1,9.75,14.0,4.33,3.69,1.19,2,2.4,1124
474,68,1079,24,1,11.11,2.96,0.51,0.18,3.97,4,6.4,2109
544,83,2416,47,0,7.61,11.62,0.63,2.37,2.43,5,9.2,2936
73,15,275,39,0,11.35,3.7,4.9,1.68,1.67,1,1.2,308
597,91,1564,34,0,10.1,11.17,3.37,4.6,0.53,5,10.4,2984
498,94,1995,42,1,8.34,10.55,4.23,0.06,1.19,5,10.7,2738
402,79,1088,34,0,7.35,4.91,1.62,2.76,4.75,4,7.8,2014
75,15,185,37,1,4.83,5.24,3.38,3.7,1.53,1,1.1,379
130,21,589,30,0,2.75,11.3,2.97,2.43,0.84,2,2.0,602
42,11,265,32,0,7.65,7.0,3.02,0.43,2.3,1,1.1,402
134,23,423,23,1,4.5,10.5,3.41,4.86,1.54,2,2.2,917
79,13,161,24,1,10.53,2.92,2.88,2.59,0.18,1,1.9,477
432,63,1127,59,0,11.93,12.08,2.15,3.07,1.62,4,7.2,1822
262,52,997,36,1,9.28,10.24,1.38,1.18,2.72,3,4.1,1287
473,79,1300,23,0,2.0,12.79,3.84,2.42,2.76,4,6.4,2109
202,49,659,45,0,4.18,2.72,1.13,2.15,1.78,3,4.7,1512
215,41,991,47,1,2.2,8.71,3.46,0.37,2.24,3,4.4,1407
151,32,320,41,0,8.16,8.79,1.17,0.53,4.83,2,3.7,1116
80,14,197,19,1,9.42,5.59,3.13,4.19,1.89,1,1.6,549
126,32,431,35,0,11.18,6.96,3.74,1.2,1.29,2,2.8,971
495,84,2252,31,0,5.82,1.49,1.09,0.97,1.22,5,8.9,2920
127,35,314,37,0,10.92,10.7,0.3,2.52,2.29,2,3.7,1153
88,11,262,22,1,10.66,8.14,0.65,3.84,3.8,1,1.3,327
69,16,146,27,1,4.49,1.75,3.03,0.31,1.03,1,1.6,463
100,21,433,25,1,10.56,9.85,4.25,2.88,3.55,2,3.3,961
301,71,1421,29,1,5.13,7.07,0.22,0.6,0.11,4,6.5,2084
78,15,207,37,0,4.27,1.45,3.67,0.18,2.09,1,1.7,455
163,21,419,23,1,8.14,13.6,1.71,0.26,3.88,2,3.1,620
539,92,1990,41,1,4.61,13.34,2.39,4.17,1.69,5,9.3,2606
278,47,823,40,0,7.93,7.67,4.64,0.59,2.82,3,4.6,1385
451,76,1434,25,0,7.71,2.22,1.66,0.23,1.02,4,6.1,2108
481,86,2017,18,1,7.2,10.81,2.33,2.19,3.71,5,10.9,2752
133,38,445,25,1,5.18,7.4,0.07,4.22,0.26,2,3.4,714
41,10,246,22,1,7.03,4.93,0.41,1.31,4.26,1,1.1,588
152,29,461,42,0,7.56,7.39,1.29,2.11,0.99,2,3.3,1175
553,89,2471,51,1,7.0,7.79,0.14,0.2,4.37,5,8.4,2559
402,78,1397,40,1,5.89,8.32,3.16,2.25,1.76,4,6.9,2282
555,95,1565,24,1,1.16,6.74,2.13,2.89,3.61,5,9.5,2855
499,81,1805,52,0,7.46,8.87,2.74,2.85,1.6,5,9.6,2873
101,28,417,43,1,2.85,12.94,0.87,1.66,4.53,2,3.2,603
433,75,1300,32,1,8.07,5.71,1.48,1.58,0.63,4,6.8,2093
133,31,417,32,1,9.35,10.43,3.32,0.53,0.89,2,2.0,1007
351,79,1290,21,0,6.5,12.63,4.83,1.83,2.47,4,6.1,1941
532,83,2148,53,0,6.97,6.93,0.25,0.5,0.41,5,10.7,2556
92,31,563,27,1,11.47,6.76,4.45,3.83,0.98,2,2.5,690
511,97,2438,59,0,10.32,8.83,2.88,4.83,4.72,5,10.8,2712
384,72,1376,59,1,11.06,8.69,2.82,4.85,4.88,4,7.0,2185
193,49,626,32,0,9.95,11.49,2.5,4.33,1.88,3,5.2,1318
132,25,368,41,1,2.2,7.19,0.35,3.0,4.62,2,3.8,649
360,79,1164,50,1,2.64,13.95,0.45,3.5,2.72,4,7.3,1946
159,32,526,38,1,6.79,1.77,3.0,1.43,1.35,2,2.3,1083
495,91,2150,31,1,3.71,1.04,1.7,3.15,3.51,5,8.9,2855
537,83,1763,35,1,6.24,9.32,4.59,2.28,3.29,5,10.0,2720
129,27,580,36,0,5.34,4.88,2.03,2.41,4.95,2,3.4,1059
132,28,529,53,1,7.04,4.12,0.72,3.79,1.33,2,3.8,636
37,18,295,19,0,9.22,5.05,3.57,1.41,3.36,1,1.4,369
524,88,1730,20,0,8.87,4.33,1.47,1.59,0.26,5,8.9,2549
425,66,1130,19,0,6.73,1.4,2.63,4.62,0.57,4,6.9,2142
64,13,107,53,1,10.05,13.63,3.49,0.28,0.02,1,1.7,585
573,96,2118,33,0,5.74,3.87,4.5,2.43,5.0,5,10.8,2711
45,16,191,57,0,10.86,10.54,3.96,4.56,4.01,1,1.7,302
564,81,2133,37,0,1.78,10.91,3.38,3.05,3.93,5,11.7,2764
162,36,338,51,1,11.5,13.08,3.4,2.73,2.55,2,3.5,761
451,69,1341,44,1,8.2,1.4,4.73,1.25,1.5,4,6.5,2378
30,16,253,35,1,5.18,12.34,1.48,1.72,0.76,1,1.3,479
202,45,844,29,1,3.17,7.85,0.01,4.26,1.42,3,5.0,1542
71,17,257,33,1,6.27,9.22,1.36,2.8,1.88,1,1.5,590
314,63,1066,19,1,3.14,9.38,1.09,2.57,3.78,4,6.2,2205
168,22,581,50,0,2.83,11.66,3.31,0.5,2.7,2,4.0,866
75,13,230,58,0,7.79,5.33,3.17,0.08,0.39,1,1.9,537
42,13,272,29,0,6.75,10.53,2.97,4.82,0.09,1,1.4,324
441,78,1477,23,0,8.37,7.87,0.08,1.88,0.51,4,7.9,2332
523,99,1787,22,1,11.23,11.31,3.64,3.02,2.05,5,10.5,2460
100,31,478,48,0,6.85,13.88,1.62,0.4,4.67,2,2.4,982
52,14,172,24,0,7.39,3.61,3.33,3.42,3.19,1,1.2,398
397,77,1101,46,0,1.99,13.93,2.78,4.66,4.01,4,7.0,2352
424,65,1116,52,1,8.89,2.17,1.71,2.88,2.33,4,7.7,1863
272,45,686,19,0,5.4,1.03,0.67,0.63,1.81,3,5.0,1655
201,50,914,18,1,11.74,1.57,0.47,2.91,0.54,3,4.0,1791
570,98,2497,49,0,10.05,5.44,4.16,3.83,4.38,5,9.0,2613
64,14,151,43,0,6.75,9.23,4.59,2.03,3.92,1,1.3,490
334,68,1227,46,0,2.36,1.9,3.25,4.4,0.84,4,6.6,2394
518,93,2125,34,0,10.45,1.07,0.52,3.24,2.56,5,9.6,2954
70,10,109,57,1,9.8,13.18,2.01,4.5,2.44,1,1.7,359
334,77,1079,40,0,3.03,11.69,3.64,3.12,3.13,4,6.8,2000
563,85,1508,25,1,4.25,11.52,3.9,0.66,4.73,5,8.4,2849
181,43,752,22,0,9.73,12.5,0.59,1.55,2.9,3,4.1,1608
584,84,2151,32,1,3.04,10.1,0.0,1.01,2.7,5,9.4,2766
208,45,861,55,1,11.1,2.36,3.56,4.54,0.25,3,4.7,1642
381,69,1450,20,1,5.67,6.19,1.78,3.8,0.31,4,6.6,2160
426,78,1266,53,0,1.96,10.4,1.27,3.38,0.94,4,6.5,1969
284,56,888,51,1,9.97,4.64,0.06,1.5,0.16,3,4.2,1360
105,29,453,31,0,5.11,9.94,2.7,0.92,3.72,2,2.2,1002
179,32,588,38,1,6.79,1.32,4.26,3.78,3.62,2,2.3,1014
122,37,568,35,1,2.24,4.98,4.79,2.37,0.68,2,2.6,639
501,88,1738,49,1,1.03,8.14,2.83,1.13,4.18,5,11.9,2702
269,42,629,32,0,8.02,9.22,2.57,3.08,0.77,3,5.9,1666
230,52,878,54,1,6.67,8.5,0.43,0.2,1.51,3,4.4,1607
85,12,122,47,1,7.53,10.07,2.74,1.63,1.24,1,1.6,417
411,75,1136,33,0,9.73,1.08,1.9,2.34,1.86,4,7.8,2029
73,12,163,51,1,8.11,2.31,3.04,0.74,1.27,1,1.7,403
39,11,268,26,0,2.92,12.3,1.94,4.92,2.44,1,1.7,530
386,72,1209,51,1,4.97,9.86,1.2,1.05,2.04,4,7.7,2114
49,16,169,54,0,10.96,2.47,0.47,0.65,4.93,1,1.3,542
411,70,1024,43,1,9.47,11.95,1.57,1.02,0.28,4,6.9,1820
534,90,1538,37,1,7.12,4.15,0.48,3.85,0.71,5,10.8,2805
314,64,1376,47,0,3.81,7.22,0.88,2.13,0.26,4,7.4,2136
211,54,811,29,0,4.32,2.89,4.94,2.83,3.13,3,4.0,1519
121,36,473,47,1,9.05,10.23,2.22,0.11,0.27,2,3.7,619
84,10,146,50,1,10.36,9.67,2.66,0.17,4.18,1,1.2,415
448,66,1047,28,1,8.39,3.74,4.37,2.23,2.56,4,7.6,2199
55,19,149,30,1,9.9,12.22,4.98,4.08,2.64,1,1.6,360
59,10,208,36,0,9.43,6.22,2.91,4.43,2.81,1,1.8,497
226,45,649,27,0,2.65,4.8,4.06,0.43,0.85,3,4.5,1781
580,87,1795,52,1,5.66,2.98,1.63,2.69,0.99,5,8.5,2660
65,18,130,41,1,2.68,4.46,1.53,4.57,1.59,1,1.8,481
458,67,1163,31,0,3.59,1.29,2.01,1.94,2.97,4,6.6,2214
170,26,344,53,0,10.56,8.58,3.36,4.15,1.05,2,2.7,805
264,44,778,44,1,6.2,11.95,3.41,0.67,0.58,3,5.2,1641
122,35,499,59,0,6.89,8.14,1.58,4.68,4.85,2,3.3,748
420,65,1314,35,1,2.96,3.85,0.67,3.76,0.11,4,6.5,2113
267,59,971,38,0,4.43,1.44,3.16,4.71,4.01,3,4.4,1505
469,67,1086,34,0,3.53,3.79,0.64,3.38,3.94,4,6.0,2290
541,89,1923,34,0,3.27,6.41,2.89,1.82,1.49,5,11.4,2443
155,22,322,19,0,8.02,10.87,3.47,4.69,0.68,2,2.9,1117
106,32,594,27,1,3.83,3.44,3.5,1.38,0.73,2,2.8,686
243,47,877,43,1,7.95,10.36,3.77,1.66,3.49,3,5.0,1232
410,68,1213,45,0,1.64,12.27,4.36,3.5,3.21,4,7.5,2176
285,57,666,20,0,2.56,6.9,2.5,3.83,3.91,3,5.1,1226
397,66,1167,40,1,4.02,11.68,3.65,4.65,4.69,4,6.8,2027
230,51,868,25,0,7.57,8.21,3.1,1.02,3.46,3,4.2,1507
341,68,1055,32,0,8.43,9.28,0.93,3.99,0.78,4,7.2,2397
132,32,563,20,1,5.87,7.84,0.13,3.69,1.22,2,2.9,1054
130,21,308,49,0,5.9,7.02,1.42,0.32,4.21,2,3.0,820
281,59,632,29,1,8.97,4.05,2.22,1.94,1.05,3,4.9,1566
74,11,103,55,0,1.17,4.94,3.09,1.41,0.36,1,2.0,320
299,43,953,42,0,4.75,4.77,4.25,1.52,3.52,3,4.3,1737
116,29,434,28,0,10.01,8.32,0.98,4.91,2.01,2,2.2,827
408,63,1076,47,0,7.64,2.56,0.63,3.21,4.6,4,6.6,2026
508,81,2481,51,1,4.71,12.92,4.82,3.59,3.25,5,11.3,2590
227,56,984,22,0,10.96,10.37,0.54,4.88,0.45,3,4.4,1275
274,56,666,57,0,9.5,6.22,2.39,1.89,4.74,3,6.0,1489
347,61,1456,21,0,3.91,3.06,2.93,4.01,1.29,4,6.3,2001
76,14,156,31,0,8.1,12.47,2.71,2.17,1.69,1,1.3,490
445,78,1115,23,1,7.55,11.71,0.43,4.35,2.01,4,7.5,2007
203,54,638,25,0,5.41,10.38,0.29,0.9,0.26,3,4.3,1554
199,57,881,55,1,5.04,4.53,0.53,4.74,2.48,3,6.0,1707
48,18,127,24,0,4.78,6.23,2.93,1.09,0.62,1,2.0,574
88,12,274,31,0,7.79,2.34,2.72,1.63,2.0,1,1.6,420
541,89,1820,42,0,5.87,3.46,1.17,3.78,1.75,5,8.3,2865
233,49,796,21,0,10.15,11.18,3.19,1.97,3.86,3,4.6,1534
176,36,362,47,0,8.37,10.3,4.1,3.04,4.02,2,3.8,727
191,45,904,54,1,1.77,8.72,0.21,2.22,0.77,3,6.0,1762
461,69,1324,34,0,8.04,12.64,2.49,3.71,1.83,4,7.5,2001
37,18,246,46,0,3.98,8.58,3.45,1.14,1.87,1,1.5,375
531,99,1632,45,0,7.52,7.07,1.26,0.29,0.76,5,9.8,2905
473,62,1472,44,1,8.48,5.42,1.54,1.5,3.99,4,7.9,2292
30,15,252,34,1,3.54,13.23,3.07,2.37,3.54,1,1.3,561
306,70,1449,46,1,6.03,2.08,4.49,0.84,0.95,4,6.1,2267
64,13,155,30,1,3.09,13.1,4.05,1.77,1.83,1,1.2,590
75,13,223,43,1,1.58,11.75,2.92,2.0,0.53,1,1.0,435
597,90,1863,26,0,5.16,2.69,3.65,0.29,3.14,5,10.3,2718
529,87,1683,56,1,4.99,8.34,1.82,2.92,0.61,5,10.5,2971
290,54,645,57,0,11.95,12.27,3.2,4.42,4.93,3,6.0,1533
256,52,840,43,1,5.91,8.43,2.33,0.76,3.9,3,5.8,1309
308,73,1431,37,0,4.67,12.79,0.95,2.99,1.95,4,7.7,1974
156,38,447,57,0,7.39,13.26,3.51,3.32,2.89,2,3.3,1020
62,18,266,46,1,1.98,6.49,2.78,2.1,4.56,1,1.4,542
156,34,510,26,1,11.58,5.91,1.79,3.51,2.77,2,3.8,866
303,66,1387,34,1,7.98,13.17,4.56,2.05,0.87,4,7.4,2314
463,73,1463,54,1,9.3,9.78,0.1,2.52,1.89,4,6.9,2111
60,14,281,35,0,2.88,2.51,1.58,0.04,4.22,1,1.5,593
225,52,954,20,0,5.5,1.55,0.28,3.46,3.22,3,4.6,1230
379,68,1075,53,0,5.65,8.34,3.83,3.31,3.25,4,7.5,1823
53,14,106,54,0,10.04,13.09,3.51,0.19,4.33,1,1.4,455
30,19,287,45,1,1.01,11.98,1.66,1.84,4.47,1,1.9,574
291,51,905,55,0,4.31,9.79,3.38,4.9,4.6,3,4.1,1326
488,92,1986,48,0,11.79,2.81,1.98,2.1,0.47,5,9.5,2840
74,13,253,44,0,6.22,4.31,3.78,2.51,2.72,1,2.0,366
230,55,845,54,0,5.21,12.38,2.27,4.55,3.7,3,4.6,1325
517,86,2208,26,1,2.32,3.38,2.06,3.59,3.78,5,11.8,2435
557,97,1609,22,1,11.72,4.62,4.67,2.91,3.03,5,10.4,2900
78,11,259,38,0,1.22,2.68,1.25,3.99,0.83,1,1.5,341
321,64,1499,45,1,9.11,9.79,0.6,4.32,3.99,4,7.9,2159
579,84,1935,34,1,9.45,13.27,2.92,2.28,3.6,5,8.6,2539
382,67,1341,22,1,3.68,4.5,4.85,2.38,0.43,4,7.2,1965
516,82,1767,29,0,8.39,7.18,1.89,1.93,2.32,5,11.6,2464
598,85,2477,58,0,2.02,9.25,0.31,4.83,0.87,5,11.2,2876
102,36,408,49,0,3.83,13.99,1.7,3.49,1.69,2,3.9,747
165,35,503,34,1,9.67,2.36,2.53,0.42,0.09,2,2.4,816
558,83,1548,25,0,10.51,7.48,0.81,4.31,2.0,5,9.8,2765
561,86,1823,22,1,7.69,6.01,3.29,2.4,2.75,5,10.6,2547
511,91,2335,59,0,6.58,12.26,4.99,0.34,3.1,5,10.9,2514
560,95,1663,25,0,2.75,7.19,2.26,2.75,3.32,5,11.3,2947
69,12,164,42,1,1.69,2.44,1.77,2.09,4.18,1,1.3,434
44,17,232,26,1,2.29,9.25,2.0,4.39,1.08,1,1.1,531
65,17,122,51,0,3.5,11.02,0.58,1.02,0.6,1,1.7,490
458,63,1072,31,0,4.76,1.04,4.42,4.13,4.26,4,6.0,1875
525,99,1623,57,1,5.19,12.17,2.07,2.79,0.78,5,10.8,2445
106,22,313,51,1,4.81,3.42,1.94,0.27,4.87,2,3.0,922
188,47,653,34,1,3.63,8.18,3.3,4.86,4.21,3,4.6,1767
493,99,1813,39,1,6.61,6.41,2.21,2.56,2.5,5,10.4,2453
84,19,299,37,0,10.08,10.36,3.24,1.45,4.91,1,1.5,373
104,35,322,30,1,4.08,5.83,0.31,2.35,0.49,2,2.9,653
102,38,548,28,1,11.37,12.31,4.07,4.29,1.52,2,3.0,890
349,78,1096,40,0,10.61,10.5,4.7,1.52,3.19,4,6.6,2041
98,32,457,28,1,2.78,9.42,3.24,0.96,1.75,2,2.0,925
72,13,199,32,1,9.65,11.35,4.77,0.65,4.64,1,1.3,461
563,92,2191,34,0,7.32,10.8,0.76,1.49,0.33,5,11.6,2968
119,31,313,50,0,7.23,1.47,2.39,3.9,2.75,2,2.8,775
311,69,1021,36,1,5.3,6.13,3.01,2.36,2.95,4,7.9,2231
337,76,1359,58,1,6.51,13.1,2.91,1.14,3.26,4,6.1,1901
168,29,313,54,1,5.37,2.63,2.01,0.83,1.28,2,3.5,1055
331,66,1459,53,1,6.94,10.58,1.69,1.66,1.82,4,7.4,2129
589,84,1774,45,0,7.91,13.67,0.63,4.7,4.22,5,9.2,2663
472,61,1356,52,1,8.42,1.68,1.96,1.72,0.97,4,6.8,2288
78,14,143,27,0,6.86,9.87,0.81,4.94,4.13,1,1.1,437
517,90,2175,20,1,8.94,7.09,3.67,2.43,2.81,5,11.6,2798
41,18,221,43,0,2.55,8.53,1.04,0.9,3.81,1,1.6,323
49,10,203,29,1,3.33,2.11,0.29,4.46,3.57,1,1.5,571
522,86,1891,42,1,10.01,1.56,2.76,2.3,1.04,5,11.1,2821
97,36,508,53,1,4.55,9.67,2.98,3.55,2.84,2,2.7,612
411,71,1264,40,1,1.25,11.7,4.36,4.92,4.34,4,7.4,1960
566,89,1657,51,0,2.69,11.17,2.88,0.25,2.16,5,8.6,2595
559,84,2102,22,0,3.46,8.07,1.73,0.48,4.83,5,8.2,2618
478,69,1017,43,0,11.53,2.3,4.02,3.6,2.26,4,7.3,2340
147,33,567,25,0,7.3,9.94,2.7,1.41,0.71,2,3.2,994
395,61,1049,55,0,11.26,4.14,0.4,0.92,1.95,4,7.3,2291
357,74,1242,22,0,7.33,12.84,2.83,0.2,4.76,4,7.8,2289
405,61,1434,51,1,6.27,11.9,4.54,0.11,1.6,4,6.9,2366
501,86,2074,31,0,4.45,10.22,1.98,3.87,4.34,5,11.8,2790
575,88,1928,50,1,7.67,13.33,1.48,0.67,4.41,5,8.2,2918
257,46,769,52,0,2.53,1.41,0.72,2.34,1.75,3,5.1,1692
270,51,957,35,1,10.88,10.57,0.76,3.03,0.42,3,5.0,1532
116,22,573,33,0,10.12,5.29,2.16,2.14,3.62,2,2.0,1171
98,24,394,56,1,4.49,12.78,2.98,0.14,1.56,2,2.3,608
264,52,737,27,0,11.48,4.47,0.4,3.92,3.91,3,5.1,1293
572,91,2481,57,0,10.08,10.42,4.7,0.05,2.21,5,11.7,2655
202,43,964,27,0,8.33,12.41,3.78,3.81,2.43,3,4.9,1549
83,11,228,46,1,2.34,1.54,2.93,4.47,3.89,1,1.4,454
32,12,198,56,1,6.26,6.17,4.14,2.16,1.91,1,1.4,416
168,38,414,43,1,6.57,10.91,0.4,2.68,2.22,2,3.2,716
416,71,1041,22,0,3.56,6.91,2.38,2.38,1.88,4,6.1,2115
46,18,167,28,0,1.88,4.47,3.15,1.95,1.84,1,1.1,536
201,59,709,24,1,9.54,3.86,4.14,4.44,2.63,3,5.0,1482
130,24,579,37,1,2.34,2.71,3.92,4.47,4.04,2,2.8,1062
98,36,403,44,0,7.54,12.14,1.39,1.68,1.81,2,2.4,747
105,28,489,51,1,11.3,8.48,4.7,3.08,2.62,2,3.8,967
94,33,369,58,1,10.64,1.99,0.62,4.63,3.35,2,2.3,1033
540,90,2180,37,1,4.06,5.97,4.38,4.81,1.35,5,10.1,2757
266,59,839,22,1,10.37,5.78,4.85,2.54,1.39,3,5.5,1238
140,36,506,53,1,1.0,3.36,0.89,2.26,4.67,2,3.8,1137
534,90,1702,51,1,1.19,6.66,3.61,1.39,3.62,5,10.4,2672
46,15,116,42,1,7.63,5.32,0.2,4.79,2.89,1,2.0,309
581,99,2304,58,1,5.01,5.44,2.03,0.71,3.24,5,8.4,2591
105,21,467,34,0,5.25,10.61,2.58,2.9,0.15,2,3.4,798
221,46,862,20,1,7.21,3.9,2.9,1.41,3.09,3,4.4,1341
41,16,291,34,1,3.11,9.34,4.68,1.4,2.55,1,1.7,408
105,24,343,52,0,3.33,8.42,3.36,2.02,2.73,2,3.0,728
123,39,468,18,1,6.33,8.39,2.41,4.99,1.8,2,3.9,915
260,56,920,36,0,9.3,9.62,4.05,0.27,0.41,3,5.7,1725
223,44,751,39,1,7.81,8.13,4.75,2.89,0.97,3,5.7,1295
66,17,218,33,1,4.27,12.43,0.11,0.41,4.75,1,1.1,505
231,48,724,29,0,5.73,9.78,4.91,0.77,2.04,3,4.0,1664
555,97,2402,22,1,2.88,8.11,0.43,2.2,2.33,5,8.8,2540
378,61,1318,58,1,1.82,11.79,4.07,2.55,0.26,4,7.2,1859
546,81,1641,24,1,9.61,8.88,1.4,1.29,0.19,5,8.8,2852
234,58,919,58,1,3.92,4.78,0.66,1.58,3.59,3,5.2,1604
152,22,306,22,0,2.96,3.69,2.2,0.43,2.69,2,3.0,617
34,10,170,20,0,8.61,2.98,3.22,1.52,2.54,1,1.2,518
179,30,466,56,1,7.8,12.69,1.9,4.83,1.22,2,3.5,1114
591,92,1903,52,1,7.97,10.23,0.27,4.72,3.72,5,11.8,2953
120,35,583,26,1,3.52,13.19,3.0,1.67,0.84,2,3.3,734
88,13,164,43,1,3.56,8.84,4.51,2.85,0.95,1,1.3,557
143,24,398,45,1,3.43,7.15,1.92,4.55,2.3,2,3.9,1160
74,13,182,27,0,2.91,1.78,1.08,0.03,1.43,1,1.6,436
74,15,275,27,0,8.21,9.73,2.21,4.05,1.24,1,1.6,587
234,55,871,46,1,10.33,8.57,0.24,4.74,3.23,3,4.7,1707
56,10,142,58,0,8.97,13.87,4.1,0.46,3.25,1,1.0,547
174,37,545,50,1,9.71,4.11,4.13,0.81,4.12,2,2.4,639
523,91,1561,20,0,5.45,7.9,2.94,4.8,2.09,5,9.0,2696
123,36,438,55,1,8.19,9.46,1.77,2.69,0.37,2,3.3,938
216,54,987,55,1,4.9,9.38,4.0,0.07,1.37,3,5.9,1789
290,50,809,23,1,6.78,8.3,2.77,1.29,4.9,3,4.6,1694
68,10,281,26,0,6.3,11.1,4.13,2.25,2.98,1,1.3,583
265,51,723,55,0,2.95,3.66,3.16,3.46,3.55,3,4.8,1770
414,75,1092,51,1,5.26,10.43,3.92,3.67,0.04,4,7.3,2349
238,47,661,41,0,11.6,9.06,2.99,4.98,2.59,3,4.0,1414
429,61,1102,46,1,3.73,12.65,2.07,1.44,0.19,4,7.5,1921
39,16,294,37,1,2.47,12.01,4.79,2.69,2.85,1,1.9,541
248,52,883,40,1,5.6,5.1,2.71,2.67,4.6,3,4.6,1396
541,93,1811,53,0,9.69,4.59,3.03,2.03,4.84,5,9.4,2452
139,37,513,26,0,7.4,13.76,1.1,0.85,2.7,2,3.0,697
289,45,687,29,1,8.49,7.85,3.13,4.89,2.29,3,5.0,1625
210,55,765,49,0,3.09,12.78,2.86,4.27,4.73,3,4.9,1657
412,68,1085,54,0,7.81,3.13,0.92,2.49,3.37,4,6.2,2201
318,77,1126,49,0,4.56,9.36,0.3,3.02,0.32,4,6.6,2089
258,44,762,59,0,10.18,11.53,3.02,1.14,2.33,3,4.2,1315
258,59,718,41,0,7.92,13.32,3.82,2.72,1.2,3,4.3,1759
189,59,795,57,1,3.19,5.39,2.62,3.47,2.35,3,4.8,1681
155,39,441,51,1,1.71,10.42,1.13,2.58,2.28,2,2.4,954
528,87,2140,34,1,1.47,8.0,3.33,4.95,2.91,5,10.4,2717
549,87,1814,56,1,5.09,1.79,0.4,3.06,1.78,5,11.1,2851
78,18,230,49,0,3.92,9.97,2.21,1.85,0.82,1,1.6,470
444,61,1093,39,0,8.11,9.97,0.82,3.86,2.52,4,6.0,1873
80,18,298,36,1,6.49,13.1,0.92,0.85,4.15,1,1.1,417
131,34,330,57,0,3.93,7.47,1.01,1.92,3.32,2,3.8,739
228,46,804,57,0,2.64,3.99,1.93,1.73,1.69,3,4.4,1734
416,62,1333,32,0,2.4,1.58,0.26,2.16,4.68,4,7.3,1882
586,94,2332,21,1,10.51,6.4,1.99,3.91,4.56,5,9.3,2403
416,71,1096,47,1,3.68,4.92,2.56,2.42,1.05,4,6.1,2279
152,22,507,53,0,8.17,10.89,2.42,3.97,0.2,2,3.7,948
87,19,198,36,0,9.92,5.61,1.91,2.88,3.71,1,1.5,594
329,69,1383,23,1,7.75,13.34,4.2,1.71,4.14,4,6.8,1892
107,24,545,29,0,10.46,13.51,0.73,4.05,4.84,2,2.5,1176
493,88,2116,57,1,5.32,9.07,2.53,1.19,4.45,5,10.9,2928
182,51,807,43,0,11.52,13.07,0.31,1.12,3.0,3,4.8,1500
102,37,362,20,0,2.46,10.89,0.36,2.52,2.65,2,2.9,918
274,54,869,53,1,2.12,8.11,2.87,1.3,0.14,3,4.5,1356
143,26,504,45,0,8.25,3.34,2.83,0.05,1.23,2,3.6,988
66,14,195,32,1,11.37,6.96,4.39,3.24,2.3,1,1.3,369
420,74,1187,24,0,9.9,8.29,2.79,2.56,3.14,4,7.7,2017
582,91,2493,55,0,1.84,12.23,4.8,2.23,2.79,5,8.4,2664
200,50,965,52,1,4.07,7.26,0.24,4.83,3.71,3,5.8,1291
493,99,2450,47,1,11.23,12.67,0.49,2.86,1.4,5,8.5,2859
348,66,1415,49,0,3.78,9.77,0.22,4.32,2.82,4,6.6,2398
238,45,941,27,1,9.59,2.78,0.93,0.7,0.44,3,5.1,1408
33,11,173,42,0,10.08,13.93,2.71,2.85,2.07,1,2.0,318
267,45,791,22,1,6.45,7.85,3.23,4.34,3.75,3,5.9,1740
492,90,1968,31,1,5.25,6.09,0.23,2.92,3.47,5,10.0,2513
241,58,976,38,0,5.95,9.57,4.73,3.59,4.95,3,5.3,1767
567,89,1682,39,1,3.5,2.42,4.21,1.86,1.39,5,10.8,2911
36,17,249,34,1,10.78,9.28,1.48,0.46,2.49,1,1.6,442
110,31,507,57,0,5.96,7.48,0.39,2.29,1.65,2,3.4,975
466,73,1461,54,1,10.71,6.29,0.85,1.97,2.2,4,7.1,1984
126,28,599,25,1,2.16,13.39,0.63,4.34,4.28,2,2.2,1187
120,36,535,44,1,11.87,7.79,0.62,1.22,3.42,2,3.8,940
64,19,218,25,1,5.88,3.85,2.59,4.83,4.41,1,1.2,592
574,87,1809,34,0,1.53,6.97,1.23,4.79,1.02,5,8.5,2780
119,22,371,51,1,1.42,12.95,1.79,1.24,4.37,2,2.2,1123
350,75,1485,20,1,9.21,3.29,4.95,1.74,0.3,4,6.5,2364
69,17,250,25,1,8.25,3.78,3.42,4.48,4.44,1,1.1,535
438,64,1125,49,0,9.82,1.17,4.74,4.83,1.65,4,6.5,1849
506,98,2460,48,1,2.16,1.18,0.71,2.22,1.57,5,11.2,2623
272,45,792,57,0,1.39,11.78,1.91,1.6,2.56,3,5.2,1390
224,57,665,59,1,6.59,10.52,2.77,2.63,4.7,3,4.5,1646
99,36,318,29,0,5.26,5.62,0.38,3.44,0.24,2,2.4,689
44,10,131,57,0,6.08,10.08,0.02,1.37,1.76,1,1.2,466
175,32,338,24,1,11.91,6.14,3.35,3.68,4.28,2,3.0,801
228,47,796,42,0,11.68,13.39,3.21,0.26,1.98,3,4.8,1639
589,86,2479,43,0,11.37,13.57,2.05,0.25,1.0,5,11.8,2629
339,66,1191,47,1,9.62,6.11,2.45,1.93,2.12,4,7.9,1987
431,66,1200,23,0,4.9,12.1,2.08,1.77,1.93,4,6.4,2206
190,57,915,22,0,5.53,11.05,0.12,1.58,4.58,3,4.7,1276
389,67,1383,30,1,7.05,5.03,1.68,2.46,3.81,4,6.1,2087
139,24,573,25,0,10.14,4.02,0.89,1.6,2.53,2,3.3,937
289,48,915,30,1,1.76,6.96,0.49,0.96,4.94,3,5.9,1528
593,82,2258,34,0,5.67,11.16,4.78,1.55,2.33,5,11.1,2672
576,98,2281,38,0,1.91,13.48,3.0,4.87,0.29,5,9.5,2638
592,95,1701,27,0,6.66,10.93,3.64,2.06,1.31,5,9.4,2867
567,89,2194,52,1,10.89,12.12,1.58,2.22,2.18,5,10.5,2817
170,21,537,25,0,9.61,8.84,1.97,2.88,0.78,2,2.5,740
242,48,642,28,1,3.51,11.86,1.18,4.92,4.74,3,5.4,1307
275,48,656,55,1,11.74,11.2,0.48,1.21,3.83,3,5.5,1616
544,97,1727,28,0,8.34,5.9,0.9,3.41,1.34,5,9.7,2633
50,17,182,34,0,1.11,8.18,3.99,3.58,2.95,1,2.0,362
236,45,971,21,0,3.81,11.46,3.39,3.04,3.61,3,4.6,1750
139,33,358,58,0,3.87,1.6,2.73,0.44,4.71,2,2.6,658
383,74,1360,45,1,1.76,11.51,2.38,3.38,4.41,4,6.6,2155
172,32,508,21,0,11.56,3.31,4.61,0.32,2.58,2,4.0,1047
455,72,1287,42,1,6.26,7.69,0.36,2.98,3.87,4,6.2,1984
157,30,373,37,0,10.85,11.51,1.4,3.7,2.81,2,2.5,1110
173,23,583,32,1,4.54,4.3,1.75,1.05,2.76,2,3.8,605
405,75,1162,37,0,2.38,4.2,3.91,4.21,0.57,4,7.3,2082
387,61,1246,19,0,6.22,6.24,4.96,0.15,0.63,4,6.6,2168
201,41,972,32,0,2.25,12.63,1.2,4.22,2.65,3,4.9,1633
142,25,370,40,0,6.35,1.01,4.37,2.3,1.34,2,3.5,625
198,43,640,27,1,11.12,12.72,4.15,1.09,0.11,3,4.2,1392
361,65,1056,55,1,6.73,3.0,1.12,0.67,3.61,4,7.6,2037
553,81,1860,47,1,7.78,13.87,2.0,4.77,0.16,5,11.6,2914
408,69,1103,38,0,2.72,13.41,2.05,0.36,2.98,4,6.2,2245
121,21,578,18,1,1.48,7.43,4.89,1.0,2.7,2,2.1,1188
71,15,265,33,0,2.22,7.67,0.9,1.74,4.84,1,1.4,508
46,10,265,31,1,7.58,7.26,4.0,3.1,2.42,1,1.6,440
290,55,910,44,1,2.05,9.26,1.67,2.72,0.32,3,4.4,1272
60,15,296,40,1,5.14,2.18,3.65,0.63,2.76,1,1.3,462
116,26,498,35,0,7.05,1.42,2.1,1.45,4.21,2,3.9,1132
86,16,227,32,1,5.28,1.75,2.89,1.19,4.98,1,1.7,312
291,43,700,49,0,2.8,6.78,4.16,1.07,2.15,3,5.3,1537
404,77,1327,18,1,4.01,4.58,4.02,2.06,1.6,4,6.6,2181
441,74,1421,57,1,11.21,9.09,4.33,3.52,4.53,4,7.1,1928
444,73,1194,25,0,8.44,13.9,0.3,1.09,0.96,4,6.1,2229
211,42,864,56,0,6.46,6.02,3.46,1.83,3.08,3,5.9,1757
537,86,2158,22,1,1.14,8.46,0.7,1.95,2.03,5,9.1,2858
519,93,2163,47,0,11.92,6.4,2.08,4.88,0.21,5,10.9,2571
94,30,446,49,1,8.39,12.01,2.74,4.77,1.74,2,3.5,606
554,83,1606,34,0,4.49,12.73,2.01,4.0,1.33,5,10.3,2776
381,66,1291,37,0,10.67,12.41,2.6,1.21,3.43,4,7.5,2216
257,49,916,40,0,3.84,13.67,4.98,0.34,4.74,3,6.0,1715
47,18,122,36,1,6.98,1.36,0.68,1.58,1.34,1,1.1,532
527,82,1737,27,0,8.0,11.92,3.38,1.33,4.06,5,10.0,2430
148,34,416,27,1,3.43,10.77,1.98,2.53,0.28,2,2.7,625
191,53,991,19,0,11.76,3.97,0.67,3.89,2.69,3,5.7,1414
71,10,117,43,0,9.23,13.43,0.79,4.29,0.35,1,1.9,571
73,19,175,30,0,7.14,2.93,4.75,4.22,4.67,1,1.3,538
149,28,563,29,1,2.99,9.83,4.4,1.8,3.83,2,3.1,1191
197,44,608,43,0,1.59,3.92,4.54,3.44,3.29,3,4.4,1665
328,72,1101,24,1,4.52,6.61,4.96,1.56,4.12,4,6.1,1975
424,75,1228,36,1,9.29,10.35,1.04,0.3,3.24,4,7.5,1995
111,26,464,39,0,3.96,8.32,1.78,3.51,4.84,2,3.6,627
159,33,575,30,1,6.94,6.56,3.35,0.05,3.57,2,3.7,630
580,84,2341,36,0,9.01,5.24,2.42,2.05,4.62,5,11.5,2767
379,64,1050,22,0,2.19,11.92,2.09,1.65,2.59,4,7.7,1809
217,42,677,26,0,8.54,2.87,1.79,3.47,0.59,3,4.2,1500
447,63,1441,48,1,2.01,6.59,2.97,3.83,2.64,4,6.3,1959
512,82,1694,41,1,11.62,12.75,2.88,1.52,0.63,5,10.5,2538
511,91,2387,21,1,6.37,12.0,0.81,4.06,2.96,5,10.8,2529
140,31,347,59,1,2.66,6.21,2.36,1.47,2.41,2,2.5,825
114,31,596,28,1,4.77,10.92,2.77,2.23,3.11,2,3.0,1131
192,42,905,47,0,5.55,11.7,2.85,3.64,0.05,3,4.3,1382
325,70,1296,30,0,9.34,12.56,1.05,3.46,0.97,4,6.0,2244
83,15,284,44,1,9.18,8.08,3.71,4.94,2.46,1,1.2,545
122,32,373,43,1,7.73,3.66,0.13,1.13,4.75,2,3.0,922
138,22,424,41,0,2.17,4.32,1.77,3.31,1.92,2,2.1,660
182,42,885,54,0,2.67,4.84,3.9,3.05,2.12,3,5.3,1278
425,72,1150,53,0,2.03,8.72,2.82,4.58,3.57,4,6.0,1928
580,81,2441,37,0,7.35,1.43,1.31,0.78,3.02,5,10.4,2496
203,56,787,21,1,10.65,9.27,3.47,3.76,1.49,3,4.0,1323
258,56,937,40,0,5.77,5.74,2.84,2.84,2.05,3,4.9,1596
551,92,1901,51,1,2.77,4.84,3.98,1.37,1.09,5,8.5,2927
507,95,1543,48,1,7.14,12.43,3.68,2.37,4.83,5,9.6,2606
57,16,131,37,1,9.93,6.98,3.05,1.67,0.65,1,1.3,489
553,82,2441,44,1,9.16,2.24,2.44,2.9,1.86,5,10.2,2911
49,16,153,46,0,10.7,11.75,0.67,4.45,0.13,1,1.1,395
106,23,493,18,1,4.06,1.62,1.31,2.85,1.11,2,4.0,1158
119,36,461,52,1,3.13,10.45,2.1,3.16,3.9,2,3.7,608
288,49,767,36,0,10.68,11.06,3.0,2.59,1.01,3,5.4,1476
225,55,965,36,0,8.23,5.58,2.57,0.26,0.4,3,5.6,1388
342,71,1077,26,0,4.42,11.72,1.44,1.16,2.37,4,7.0,1826
292,54,867,59,1,9.17,7.7,0.03,2.46,0.05,3,4.2,1407
218,46,972,59,0,9.97,7.02,2.48,1.55,0.42,3,5.0,1475
64,15,274,56,1,7.76,1.59,1.43,0.91,4.04,1,1.8,351
453,65,1046,41,0,8.57,4.77,3.67,2.52,3.86,4,7.4,2363
42,15,284,21,1,5.13,13.1,0.12,1.61,4.58,1,1.8,417
36,15,272,45,1,6.93,6.09,2.92,1.29,4.27,1,1.5,310
55,12,196,31,0,6.77,8.11,4.71,2.32,3.42,1,1.8,328
210,53,679,55,0,10.33,7.92,0.87,0.67,0.26,3,5.0,1614
227,46,920,59,1,10.24,8.68,2.36,4.64,3.91,3,5.2,1446
47,18,234,55,1,10.16,1.8,0.46,4.34,4.23,1,1.2,437
461,62,1004,21,1,1.12,5.71,3.13,3.54,4.0,4,6.3,1988
94,38,489,25,1,9.25,10.4,2.75,0.53,2.54,2,3.1,1078
216,54,977,45,0,9.35,3.61,2.04,3.88,1.16,3,5.1,1483
496,84,1921,56,0,8.46,3.65,2.61,4.04,4.23,5,10.2,2587
138,31,366,29,0,9.32,1.13,4.48,3.84,3.64,2,3.2,1142
318,67,1253,43,1,10.26,6.69,0.98,0.57,4.9,4,6.6,2055
96,39,401,48,0,6.17,12.48,0.11,3.22,0.78,2,3.4,1198
510,90,1729,47,1,6.52,1.67,4.31,4.17,1.13,5,10.7,2433
83,10,289,32,0,2.37,3.48,2.89,2.89,1.06,1,1.1,546
417,63,1135,35,0,5.24,5.03,4.45,3.23,3.96,4,6.2,2074
538,91,2080,35,0,8.08,10.51,2.98,2.29,0.93,5,9.8,2778
63,11,271,42,1,9.58,9.33,4.05,2.64,0.33,1,1.8,321
50,16,255,26,0,3.39,6.41,2.15,0.17,4.99,1,1.4,443
502,90,1553,27,1,2.52,10.87,3.75,3.19,0.12,5,8.2,2597
105,35,566,46,1,8.29,8.93,4.57,0.41,4.18,2,3.3,723
186,53,949,20,0,1.02,12.65,2.86,2.18,1.83,3,4.8,1494
174,23,345,20,0,2.96,11.63,0.9,1.46,4.21,2,2.9,1197
89,16,201,58,0,1.32,4.29,1.34,2.73,2.77,1,1.3,314
66,17,283,42,0,2.84,4.53,0.99,0.67,4.51,1,1.5,565
389,76,1334,53,1,2.99,2.63,1.23,3.46,4.63,4,6.3,2294
186,58,790,31,0,5.26,5.38,1.53,3.98,0.05,3,5.4,1627
149,39,356,49,1,5.43,13.99,2.78,0.82,0.38,2,2.0,1041
69,10,167,51,0,10.62,6.27,2.94,0.52,1.25,1,1.7,519
206,47,694,30,1,6.61,3.87,2.13,0.73,3.35,3,5.2,1632
49,19,144,29,1,8.96,10.91,3.08,4.39,4.44,1,1.2,365
594,91,1647,56,1,2.15,8.05,0.41,2.64,2.3,5,10.5,2839
104,29,493,39,1,3.48,2.94,0.44,2.34,3.03,2,3.7,1028
262,59,628,54,0,8.73,5.95,0.86,0.53,0.94,3,5.6,1489
278,56,894,40,0,1.58,6.39,2.59,3.25,4.02,3,5.3,1368
463,68,1236,43,0,6.35,10.8,1.07,4.34,4.84,4,6.8,2358
505,91,2375,35,1,7.59,1.27,1.42,4.14,1.34,5,9.6,2464
50,12,146,59,1,7.62,4.5,2.0,3.13,2.47,1,1.5,387
138,29,545,48,1,1.25,7.73,4.06,0.38,0.43,2,3.1,947
130,37,448,45,1,4.54,4.5,0.07,0.56,2.8,2,3.2,1189
469,78,1297,55,0,8.0,9.17,3.25,0.25,2.51,4,6.4,1858
555,83,2003,52,1,2.64,7.26,3.34,1.29,0.72,5,10.3,2568
198,53,635,53,1,8.65,5.7,3.99,0.68,2.21,3,5.4,1544
529,82,1845,46,1,9.21,13.34,4.66,1.3,1.67,5,11.4,2891
205,49,729,36,1,11.8,9.22,0.1,1.93,2.61,3,5.5,1699
170,38,334,23,1,3.31,2.69,0.77,4.71,2.93,2,2.4,1039
160,31,339,27,0,10.08,8.28,4.43,3.05,0.04,2,3.2,648
81,13,224,48,1,6.72,11.15,2.29,4.17,3.81,1,1.6,387
468,64,1209,22,1,5.11,10.21,2.82,3.55,3.57,4,7.3,1937
500,84,2438,27,1,2.35,3.24,3.32,0.56,1.83,5,11.2,2925
37,18,216,52,1,9.09,13.64,3.4,3.68,0.26,1,1.6,490
522,93,1768,27,0,3.59,6.83,4.66,1.38,3.77,5,11.4,2776
81,17,159,40,1,5.09,3.07,4.98,3.2,4.78,1,1.5,545
141,38,576,34,1,1.69,3.34,3.6,1.7,1.2,2,3.8,689
115,26,495,52,0,9.82,2.28,1.44,4.99,1.62,2,3.5,706
298,59,814,36,0,9.43,11.45,4.4,1.32,0.92,3,4.6,1525
33,16,113,36,0,9.07,2.59,0.25,1.4,2.88,1,1.8,334
307,76,1111,25,0,4.29,2.63,1.16,4.65,0.77,4,6.1,2105
380,77,1191,30,1,2.91,12.06,4.49,0.12,1.78,4,7.6,2354
190,58,815,42,1,8.01,5.48,1.28,3.48,3.49,3,5.5,1718
75,12,225,45,1,6.46,1.4,1.1,3.63,2.8,1,1.6,325
218,47,822,25,1,2.96,1.67,0.69,4.18,1.93,3,4.0,1221
412,67,1393,18,1,8.55,2.85,4.3,4.87,2.1,4,6.6,1859
335,68,1007,18,1,11.9,3.77,2.5,4.88,2.81,4,7.7,2037
387,61,1178,54,1,9.22,9.65,3.37,0.33,0.03,4,6.3,2098
261,56,824,52,0,9.14,3.05,1.2,4.11,0.39,3,4.9,1589
541,98,1550,32,1,11.45,2.55,3.79,3.23,4.41,5,9.5,2424
195,48,679,30,1,3.23,10.94,3.8,3.24,0.39,3,5.7,1447
178,37,569,51,0,7.22,9.72,1.56,0.64,3.53,2,4.0,856
378,78,1455,48,0,11.78,6.66,2.05,3.25,4.6,4,6.7,1898
505,82,1709,31,1,2.82,8.14,1.05,4.91,1.35,5,8.6,2792
564,83,1985,34,0,8.7,5.06,4.88,4.56,1.85,5,9.7,2422
92,26,381,22,1,7.44,7.27,3.23,2.2,2.84,2,3.9,1082
316,68,1201,59,1,7.45,7.59,4.67,0.2,4.41,4,6.8,1965
99,22,457,50,0,8.67,6.03,1.52,1.81,4.71,2,3.1,942
62,13,224,44,1,11.23,12.79,3.91,4.13,3.7,1,1.7,431
212,49,828,23,0,9.61,1.21,3.83,3.51,0.43,3,5.4,1306
130,24,579,37,1,1.62,11.17,3.46,2.3,3.35,2,2.8,1062
580,90,2262,49,1,10.38,2.62,4.83,0.28,2.05,5,8.2,2623
260,44,889,37,0,3.48,11.37,1.97,2.13,2.35,3,6.0,1361
473,74,1400,40,1,5.15,9.01,0.65,2.35,0.25,4,6.4,2312
116,26,498,35,0,6.08,11.96,3.36,4.64,0.96,2,3.9,1132
326,73,1454,50,1,6.29,2.27,3.65,3.21,3.95,4,7.2,2243
183,45,738,19,1,5.79,8.27,2.88,1.56,2.27,3,4.1,1210
225,48,917,56,1,11.31,7.51,1.03,2.63,1.51,3,4.0,1420
50,17,182,34,0,8.77,10.18,2.52,0.33,1.92,1,2.0,362
158,36,493,32,1,7.94,7.95,1.56,4.86,4.27,2,3.4,893
311,69,1021,36,1,1.55,8.03,2.14,1.8,3.74,4,7.9,2231
257,57,912,55,1,10.94,6.58,3.23,2.39,1.36,3,4.5,1705
516,83,2189,53,0,11.0,5.01,3.73,1.78,0.59,5,8.7,2857
441,78,1477,23,0,9.58,7.27,1.16,3.41,1.26,4,7.9,2332
488,84,2344,19,1,1.08,2.54,2.03,3.31,4.6,5,8.6,2447
555,90,1856,55,0,1.63,13.5,1.35,3.58,2.91,5,11.3,2528
215,41,991,47,1,3.48,10.29,0.99,1.34,2.67,3,4.4,1407
66,14,195,32,1,2.44,13.38,3.92,1.58,2.98,1,1.3,369
221,46,862,20,1,5.39,3.95,4.55,0.63,1.83,3,4.4,1341
290,55,910,44,1,11.15,12.43,1.85,3.28,4.04,3,4.4,1272
414,75,1092,51,1,6.19,11.51,3.76,0.2,2.62,4,7.3,2349
580,84,2341,36,0,1.15,9.8,4.48,2.99,0.58,5,11.5,2767
589,86,2479,43,0,4.11,9.13,4.23,4.35,0.65,5,11.8,2629
332,68,1321,20,0,1.49,5.12,0.91,4.45,2.68,4,7.4,2149
102,38,548,28,1,1.4,11.61,4.78,2.25,4.68,2,3.0,890
301,71,1421,29,1,4.03,7.52,1.88,2.3,1.54,4,6.5,2084
37,18,246,46,0,4.03,1.92,1.7,0.38,4.35,1,1.5,375
597,91,1564,34,0,9.66,5.07,0.31,3.35,3.82,5,10.4,2984
563,92,2191,34,0,11.72,13.16,2.43,4.11,1.24,5,11.6,2968
227,46,920,59,1,5.08,12.06,0.55,1.22,0.18,3,5.2,1446
139,37,513,26,0,5.72,13.76,1.24,2.11,0.51,2,3.0,697
32,18,139,22,1,10.29,9.16,1.58,4.19,3.64,1,2.0,469
125,34,465,31,1,3.95,4.22,4.04,4.39,1.0,2,2.5,678
593,82,2258,34,0,2.72,3.12,4.38,1.22,1.86,5,11.1,2672
122,32,373,43,1,10.38,3.43,1.51,2.75,2.51,2,3.0,922
379,68,1075,53,0,1.51,1.26,4.29,0.96,3.63,4,7.5,1823
441,78,1477,23,0,7.82,6.08,4.29,0.51,0.57,4,7.9,2332
597,91,1564,34,0,7.18,3.49,3.82,4.56,2.03,5,10.4,2984
104,29,493,39,1,4.81,6.35,0.73,4.1,2.43,2,3.7,1028
141,38,576,34,1,4.47,13.15,3.45,3.8,2.7,2,3.8,689
201,59,709,24,1,9.49,6.6,4.73,0.24,4.09,3,5.0,1482
278,47,823,40,0,1.95,12.41,3.41,4.22,0.86,3,4.6,1385
234,58,919,58,1,3.6,8.87,1.66,2.19,4.04,3,5.2,1604
502,90,1553,27,1,9.06,4.21,2.5,1.71,3.46,5,8.2,2597
48,18,127,24,0,7.03,5.63,3.23,2.73,2.78,1,2.0,574
553,82,2441,44,1,2.41,2.09,2.55,0.46,3.5,5,10.2,2911
328,72,1101,24,1,10.7,5.34,0.6,3.78,2.06,4,6.1,1975
500,84,2438,27,1,5.33,9.81,1.56,2.91,0.69,5,11.2,2925
301,71,1421,29,1,10.11,1.94,4.01,0.93,3.33,4,6.5,2084
452,77,1456,55,0,9.66,3.67,4.31,0.94,2.62,4,6.8,2387
186,53,949,20,0,7.87,5.96,0.69,0.92,3.2,3,4.8,1494
469,78,1297,55,0,6.44,13.77,4.76,0.29,1.69,4,6.4,1858
463,68,1236,43,0,11.78,11.2,1.64,2.94,4.53,4,6.8,2358
361,65,1056,55,1,2.59,10.54,3.31,4.2,2.94,4,7.6,2037
131,26,305,40,1,8.98,2.51,3.76,0.09,0.43,2,2.4,859
102,36,408,49,0,3.1,11.15,4.06,0.25,2.25,2,3.9,747
45,16,191,57,0,4.72,11.21,4.73,2.86,3.78,1,1.7,302
32,18,139,22,1,4.4,8.81,1.56,4.1,3.97,1,2.0,469
380,77,1191,30,1,11.42,13.87,4.29,1.63,2.47,4,7.6,2354
262,52,997,36,1,11.64,5.23,0.66,1.75,4.47,3,4.1,1287
429,61,1102,46,1,3.01,13.24,3.53,2.98,1.34,4,7.5,1921
258,44,762,59,0,1.24,12.89,3.71,1.37,2.05,3,4.2,1315
99,36,318,29,0,8.92,1.15,3.39,0.13,4.49,2,2.4,689
225,48,917,56,1,5.6,6.85,1.26,3.68,4.48,3,4.0,1420
292,54,867,59,1,1.98,13.7,4.37,3.13,3.43,3,4.2,1407
187,55,711,50,0,8.52,2.34,0.84,2.9,4.29,3,5.5,1754
341,68,1055,32,0,7.0,8.12,0.27,3.71,0.44,4,7.2,2397
219,42,655,50,0,11.79,13.73,3.59,3.38,4.32,3,5.2,1510
497,94,2076,18,1,3.5,8.22,2.38,1.03,1.6,5,9.7,2876
288,49,767,36,0,5.44,3.47,4.25,1.76,0.89,3,5.4,1476
149,34,459,51,1,6.97,8.57,1.92,0.63,1.2,2,3.7,873
516,82,1767,29,0,9.71,3.66,0.84,0.65,2.09,5,11.6,2464
506,98,2460,48,1,7.04,7.76,4.18,3.38,1.26,5,11.2,2623
115,26,495,52,0,7.74,1.96,2.74,4.29,1.6,2,3.5,706
236,45,971,21,0,3.49,8.87,0.95,4.81,0.67,3,4.6,1750
278,48,851,43,0,10.32,7.72,3.6,3.14,1.48,3,4.8,1238
133,38,445,25,1,5.71,10.62,2.56,0.92,2.86,2,3.4,714
555,97,2402,22,1,2.55,9.2,3.02,0.53,2.21,5,8.8,2540
516,83,2189,53,0,8.31,8.14,2.3,4.06,1.73,5,8.7,2857
474,68,1079,24,1,3.38,9.97,4.14,2.89,3.73,4,6.4,2109
200,50,965,52,1,2.07,2.87,4.15,3.09,4.47,3,5.8,1291
451,76,1434,25,0,10.48,8.74,3.55,3.91,3.78,4,6.1,2108
148,34,416,27,1,6.06,3.24,0.53,3.52,1.66,2,2.7,625
159,33,575,30,1,9.24,13.03,4.19,4.17,3.72,2,3.7,630
289,45,687,29,1,4.2,1.89,3.36,0.28,0.76,3,5.0,1625
36,17,249,34,1,9.66,6.59,3.49,3.74,0.65,1,1.6,442
78,17,138,51,0,2.23,10.05,1.81,4.25,1.73,1,1.8,333
523,92,1539,21,1,4.92,6.95,4.4,1.43,4.04,5,9.4,2583
159,33,575,30,1,11.76,2.2,3.63,3.2,1.23,2,3.7,630
116,39,307,40,0,9.73,8.19,0.56,1.57,0.32,2,2.1,912
68,12,201,29,1,6.47,9.34,2.04,4.79,0.66,1,1.1,528
378,78,1455,48,0,4.74,10.15,4.43,0.17,4.29,4,6.7,1898
114,31,596,28,1,10.59,5.85,0.24,2.9,3.17,2,3.0,1131
156,34,510,26,1,6.99,8.33,4.81,0.83,1.27,2,3.8,866
186,53,949,20,0,9.34,6.86,3.4,3.56,2.78,3,4.8,1494
174,23,345,20,0,9.3,9.74,3.16,0.88,2.64,2,2.9,1197
202,45,844,29,1,1.2,8.59,1.35,1.18,3.28,3,5.0,1542
165,35,503,34,1,2.39,7.83,1.24,2.47,1.17,2,2.4,816
563,85,1508,25,1,8.26,4.24,4.71,4.57,4.32,5,8.4,2849
175,32,338,24,1,2.78,1.03,1.49,1.06,1.55,2,3.0,801
73,12,163,51,1,3.81,3.26,3.88,0.72,3.47,1,1.7,403
550,91,1946,20,1,11.41,2.52,1.97,3.79,0.08,5,9.5,2916
46,10,265,31,1,7.16,6.84,0.7,2.5,1.86,1,1.6,440
71,10,117,43,0,9.26,8.96,0.05,4.56,1.76,1,1.9,571
234,55,871,46,1,7.14,3.77,2.72,0.73,2.72,3,4.7,1707
226,45,649,27,0,7.08,13.21,4.88,3.23,0.36,3,4.5,1781
540,90,2180,37,1,2.04,1.09,1.85,1.16,3.95,5,10.1,2757
132,28,529,53,1,4.78,11.04,1.79,0.78,1.09,2,3.8,636
553,82,2441,44,1,4.11,9.13,1.72,3.42,3.39,5,10.2,2911
87,19,198,36,0,5.3,5.86,2.6,2.97,4.02,1,1.5,594
567,89,1682,39,1,9.78,1.66,2.2,3.77,2.81,5,10.8,2911
201,59,709,24,1,5.09,9.16,4.4,1.55,3.7,3,5.0,1482
172,32,508,21,0,5.97,6.01,2.53,2.24,3.31,2,4.0,1047
105,24,343,52,0,5.37,13.17,2.54,2.03,1.78,2,3.0,728
397,66,1167,40,1,2.03,8.05,0.69,4.92,4.04,4,6.8,2027
493,99,2450,47,1,5.85,13.22,4.91,1.46,1.47,5,8.5,2859
424,65,1116,52,1,3.15,3.87,1.25,1.47,2.86,4,7.7,1863
49,19,144,29,1,3.05,10.43,0.37,1.77,3.73,1,1.2,365
502,96,1935,39,1,2.03,9.02,3.32,2.82,1.89,5,10.9,2476
126,32,431,35,0,4.92,10.61,2.98,1.26,1.51,2,2.8,971
468,64,1209,22,1,9.33,3.79,2.08,4.58,2.3,4,7.3,1937
190,58,815,42,1,4.04,9.64,2.11,1.33,4.09,3,5.5,1718
298,59,814,36,0,4.44,7.47,3.93,4.48,4.65,3,4.6,1525
284,56,888,51,1,8.07,10.66,0.98,0.52,2.73,3,4.2,1360
156,34,510,26,1,3.15,5.25,4.1,3.28,3.31,2,3.8,866
69,12,164,42,1,10.87,12.57,3.24,4.53,4.52,1,1.3,434
417,63,1135,35,0,6.72,2.1,2.09,0.84,0.49,4,6.2,2074
574,87,1809,34,0,5.92,11.49,2.29,4.84,1.16,5,8.5,2780
37,18,216,52,1,7.14,12.2,1.28,2.26,3.54,1,1.6,490
426,78,1266,53,0,2.83,11.62,3.76,4.73,4.12,4,6.5,1969
172,32,508,21,0,7.75,7.67,2.56,3.38,4.29,2,4.0,1047
119,22,371,51,1,4.99,6.7,1.6,1.51,2.08,2,2.2,1123
510,90,1729,47,1,10.87,13.95,2.98,0.94,0.45,5,10.7,2433
71,10,117,43,0,2.86,3.98,4.98,1.52,2.19,1,1.9,571
531,99,1632,45,0,6.58,8.11,2.18,0.47,1.15,5,9.8,2905
84,19,299,37,0,7.58,9.72,4.6,0.72,1.46,1,1.5,373
228,58,823,56,1,1.37,10.11,1.73,0.52,3.86,3,4.2,1677
80,18,298,36,1,5.0,3.65,0.27,2.11,0.38,1,1.1,417
469,67,1086,34,0,9.06,9.5,1.02,3.98,4.14,4,6.0,2290
516,83,2189,53,0,10.02,11.64,2.09,0.71,2.14,5,8.7,2857
518,93,2125,34,0,4.44,1.65,1.1,0.65,2.98,5,9.6,2954
410,68,1213,45,0,9.78,12.85,0.0,3.22,0.45,4,7.5,2176
149,28,563,29,1,11.65,1.38,4.58,0.99,1.69,2,3.1,1191
139,33,358,58,0,10.43,5.63,4.22,0.49,0.45,2,2.6,658
78,11,259,38,0,2.29,1.21,3.71,0.83,4.81,1,1.5,341
417,63,1135,35,0,9.14,2.0,0.84,4.62,4.04,4,6.2,2074
83,11,228,46,1,4.52,12.85,0.6,4.11,2.3,1,1.4,454
197,59,975,25,1,11.87,5.61,0.34,1.77,1.12,3,4.6,1660
74,15,275,27,0,6.34,6.52,3.62,3.28,4.67,1,1.6,587
97,39,412,36,0,2.35,3.8,4.64,2.69,1.72,2,3.3,751
411,71,1264,40,1,8.98,8.76,2.15,3.39,0.8,4,7.4,1960
192,42,905,47,0,4.55,8.73,0.6,3.41,2.82,3,4.3,1382
412,78,1384,19,0,11.97,5.84,2.56,3.14,4.72,4,6.2,1899
284,56,888,51,1,11.78,5.33,1.74,1.33,0.02,3,4.2,1360
580,87,1795,52,1,8.22,12.5,1.87,0.2,1.19,5,8.5,2660
230,51,868,25,0,2.43,5.98,3.11,2.28,4.69,3,4.2,1507
539,89,2415,26,1,8.56,7.42,3.59,4.45,0.86,5,8.4,2796
226,45,649,27,0,2.02,4.68,0.55,2.85,0.57,3,4.5,1781
83,10,289,32,0,1.32,11.23,0.18,4.16,2.85,1,1.1,546
69,17,250,25,1,10.05,6.17,4.97,4.96,4.31,1,1.1,535
66,12,264,36,1,3.31,7.68,1.16,0.82,2.39,1,1.2,585
179,32,588,38,1,5.17,4.29,0.27,3.46,4.97,2,2.3,1014
368,72,1406,27,0,11.71,13.84,0.95,3.37,3.4,4,6.6,1817
587,90,1894,47,1,4.71,4.79,0.19,4.9,0.37,5,11.8,2431
79,18,139,42,1,4.26,11.02,1.96,4.93,4.96,1,1.0,313
258,59,718,41,0,11.1,6.56,4.01,3.43,2.04,3,4.3,1759
84,10,146,50,1,2.22,3.68,1.71,1.22,1.44,1,1.2,415
83,10,289,32,0,9.36,11.4,2.22,3.99,2.79,1,1.1,546
173,23,583,32,1,11.87,5.34,3.38,0.54,1.52,2,3.8,605
262,52,997,36,1,10.91,12.25,2.54,3.9,0.43,3,4.1,1287
389,76,1334,53,1,8.17,12.9,4.31,4.55,0.01,4,6.3,2294
538,91,2080,35,0,4.45,12.18,4.33,1.91,2.25,5,9.8,2778
197,44,608,43,0,3.8,1.46,0.05,3.15,4.18,3,4.4,1665
511,91,2335,59,0,10.01,11.24,3.89,2.15,2.86,5,10.9,2514
97,36,508,53,1,10.68,6.35,2.3,2.19,5.0,2,2.7,612
131,26,305,40,1,6.78,12.36,4.94,1.55,1.43,2,2.4,859
529,96,1924,35,1,3.69,9.29,2.42,3.81,1.4,5,8.1,2686
457,66,1082,22,1,2.24,11.84,4.93,4.68,0.8,4,6.3,2347
458,67,1163,31,0,1.96,7.49,3.77,4.7,0.82,4,6.6,2214
507,95,1543,48,1,8.91,7.96,1.24,0.87,1.43,5,9.6,2606
458,67,1163,31,0,5.62,2.88,2.69,4.37,3.96,4,6.6,2214
301,75,1303,45,1,10.96,11.19,4.96,3.69,4.53,4,6.2,2053
555,95,1565,24,1,9.14,6.45,4.29,1.26,4.88,5,9.5,2855
593,82,2258,34,0,3.1,7.5,0.49,0.34,1.16,5,11.1,2672
592,95,1701,27,0,7.75,11.21,3.53,1.34,4.41,5,9.4,2867
502,90,1553,27,1,5.79,8.78,1.73,4.56,1.64,5,8.2,2597
335,68,1007,18,1,7.35,3.61,0.03,3.17,0.56,4,7.7,2037
55,12,196,31,0,9.12,8.67,2.02,3.61,4.35,1,1.8,328
229,43,985,23,0,9.87,6.3,1.17,1.29,3.18,3,5.7,1305
64,14,151,43,0,10.28,7.1,4.09,3.6,0.82,1,1.3,490
342,71,1077,26,0,3.79,1.37,1.69,0.14,2.15,4,7.0,1826
120,39,392,43,1,1.34,3.73,4.14,1.88,1.44,2,2.1,720
498,94,1995,42,1,9.13,4.65,0.0,3.13,3.68,5,10.7,2738
576,83,2323,33,1,2.17,10.27,1.54,0.73,2.27,5,10.1,2447
105,24,343,52,0,4.46,1.15,1.21,4.12,4.95,2,3.0,728
80,14,197,19,1,1.04,6.31,1.17,1.18,0.27,1,1.6,549
132,32,563,20,1,8.5,13.01,0.34,3.26,1.78,2,2.9,1054
517,90,2175,20,1,2.84,2.45,0.94,2.03,2.41,5,11.6,2798
122,37,568,35,1,8.21,7.71,2.78,2.98,2.52,2,2.6,639
202,43,964,27,0,11.91,11.22,1.46,0.54,1.58,3,4.9,1549
97,39,412,36,0,1.8,13.25,2.09,0.08,3.65,2,3.3,751
178,37,569,51,0,1.85,10.71,1.88,4.55,4.37,2,4.0,856
216,54,977,45,0,4.74,10.37,4.38,1.35,4.69,3,5.1,1483
104,35,322,30,1,10.53,11.74,4.53,4.1,4.03,2,2.9,653
559,84,2102,22,0,3.37,6.8,2.46,5.0,4.25,5,8.2,2618
107,24,545,29,0,4.96,11.48,1.65,1.06,2.75,2,2.5,1176
64,19,262,35,0,1.75,1.1,0.53,1.33,4.13,1,1.6,540
516,98,1547,31,1,9.39,13.02,4.77,3.31,1.52,5,10.2,2932
388,71,1150,45,0,5.49,6.76,0.3,4.83,1.99,4,6.6,2085
88,12,274,31,0,9.35,8.19,1.49,4.58,1.58,1,1.6,420
595,88,2366,30,1,10.94,4.31,1.49,2.51,2.34,5,11.3,2968
575,88,1928,50,1,3.56,10.65,1.6,3.98,1.43,5,8.2,2918
191,53,991,19,0,9.88,2.0,0.82,0.68,4.81,3,5.7,1414
291,51,905,55,0,1.65,12.34,3.92,4.89,1.56,3,4.1,1326
226,45,649,27,0,10.89,11.77,0.61,4.82,0.49,3,4.5,1781
215,43,857,43,1,8.16,3.81,3.17,0.82,2.63,3,4.9,1662
151,32,320,41,0,10.62,11.52,0.62,1.5,0.29,2,3.7,1116
291,51,905,55,0,1.0,11.22,0.35,0.5,0.55,3,4.1,1326
186,58,790,31,0,2.86,9.22,4.55,1.36,1.1,3,5.4,1627
451,76,1434,25,0,5.29,5.86,0.95,4.08,2.32,4,6.1,2108
495,91,2150,31,1,5.17,4.53,4.11,1.89,2.17,5,8.9,2855
32,19,153,20,0,3.49,4.01,2.72,0.44,4.0,1,1.2,580
493,88,2116,57,1,5.2,5.14,0.39,1.71,3.7,5,10.9,2928
208,45,861,55,1,2.42,12.75,4.78,4.91,2.13,3,4.7,1642
275,48,656,55,1,5.54,2.01,1.23,3.15,1.67,3,5.5,1616
311,69,1021,36,1,9.83,11.78,4.3,2.08,1.58,4,7.9,2231
201,59,709,24,1,6.27,5.54,0.84,0.83,3.87,3,5.0,1482
522,85,1663,28,0,1.2,7.78,4.27,4.93,0.26,5,11.9,2798
540,90,1886,40,1,5.64,11.33,0.07,4.1,0.06,5,10.8,2923
555,95,1565,24,1,1.3,12.5,2.56,1.41,3.98,5,9.5,2855
83,11,228,46,1,11.63,5.48,3.85,0.35,2.39,1,1.4,454
457,66,1082,22,1,2.4,7.0,4.67,0.28,0.65,4,6.3,2347
138,25,323,27,0,8.78,6.39,4.55,0.6,1.18,2,3.6,889
34,10,170,20,0,11.7,1.17,4.1,2.9,4.66,1,1.2,518
264,52,737,27,0,10.09,4.85,4.44,4.64,4.3,3,5.1,1293
267,45,791,22,1,8.69,6.97,1.0,2.48,3.55,3,5.9,1740
452,64,1090,45,0,10.23,6.34,1.42,4.21,2.41,4,7.2,1808
188,45,974,35,1,11.8,10.39,1.44,2.23,2.6,3,5.3,1281
412,78,1384,19,0,7.83,6.0,1.89,3.54,4.88,4,6.2,1899
382,67,1341,22,1,7.15,7.36,1.97,3.66,4.83,4,7.2,1965
272,45,792,57,0,7.91,6.58,2.72,0.87,1.08,3,5.2,1390
140,31,347,59,1,6.86,10.63,0.8,1.81,4.06,2,2.5,825
46,17,208,23,1,7.99,12.22,3.46,3.19,0.99,1,1.1,487
84,19,299,37,0,5.95,7.91,0.84,0.35,1.07,1,1.5,373
102,37,362,20,0,3.4,11.26,1.55,1.81,3.38,2,2.9,918
508,81,2481,51,1,2.32,4.86,2.52,2.67,2.03,5,11.3,2590
218,47,822,25,1,1.75,8.04,3.98,4.98,4.66,3,4.0,1221
71,15,265,33,0,3.9,5.49,3.7,2.37,0.45,1,1.4,508
87,19,198,36,0,1.51,6.38,3.23,4.08,2.56,1,1.5,594
452,64,1090,45,0,7.24,10.52,0.78,2.16,4.59,4,7.2,1808
241,58,976,38,0,4.12,12.46,2.74,3.98,4.52,3,5.3,1767
149,34,459,51,1,10.07,2.58,0.44,2.98,0.78,2,3.7,873
94,30,446,49,1,1.82,9.25,1.89,4.43,1.83,2,3.5,606
105,29,453,31,0,3.49,8.57,2.07,2.05,3.1,2,2.2,1002
78,14,143,27,0,9.03,2.54,0.2,3.02,0.8,1,1.1,437
134,24,367,35,1,7.59,3.75,1.37,3.15,4.84,2,2.5,1125
274,52,934,28,1,1.71,5.04,4.78,2.09,4.57,3,4.2,1781
264,52,737,27,0,10.65,3.17,4.77,0.72,0.83,3,5.1,1293
274,54,869,53,1,10.65,4.17,1.76,0.47,0.61,3,4.5,1356
178,37,569,51,0,4.63,4.48,0.22,0.08,0.43,2,4.0,856
220,49,909,27,0,4.74,5.36,0.9,4.37,4.55,3,5.2,1631
106,23,493,18,1,11.88,10.74,1.96,1.18,0.97,2,4.0,1158
152,32,429,18,1,7.89,8.43,4.74,1.06,2.08,2,3.7,993
325,64,1053,56,1,6.84,13.82,0.71,3.68,2.24,4,7.1,2269
176,30,458,40,0,10.22,6.39,3.82,1.6,3.0,2,3.6,1193
74,11,103,55,0,4.14,10.8,0.54,2.53,0.36,1,2.0,320
182,42,885,54,0,5.72,12.33,4.91,0.81,1.13,3,5.3,1278
68,10,102,31,0,3.95,9.83,1.91,4.8,4.66,1,1.5,364
274,56,666,57,0,9.68,6.35,3.88,4.26,4.54,3,6.0,1489
210,53,679,55,0,7.31,10.8,1.71,4.32,3.91,3,5.0,1614
116,29,434,28,0,8.25,3.65,3.14,2.03,0.1,2,2.2,827
83,15,284,44,1,3.78,5.26,0.96,3.81,1.64,1,1.2,545
201,59,709,24,1,3.42,8.11,0.73,0.72,3.14,3,5.0,1482
539,92,1990,41,1,6.37,8.48,4.69,0.04,1.38,5,9.3,2606
66,12,264,36,1,9.11,1.29,4.59,0.1,4.55,1,1.2,585
105,29,453,31,0,6.78,13.29,4.44,2.93,3.17,2,2.2,1002
143,24,398,45,1,1.36,10.06,3.13,2.28,0.36,2,3.9,1160
264,52,737,27,0,10.55,7.44,4.04,2.59,4.55,3,5.1,1293
155,22,322,19,0,1.71,13.13,0.35,0.04,4.79,2,2.9,1117
255,42,826,21,1,11.51,6.71,1.67,2.11,0.39,3,5.4,1738
257,57,912,55,1,1.28,13.75,1.57,3.59,2.66,3,4.5,1705
458,67,1163,31,0,8.64,7.66,3.18,2.21,1.52,4,6.6,2214
155,39,441,51,1,1.9,2.49,1.78,3.66,1.96,2,2.4,954
50,16,255,26,0,11.02,10.94,0.74,1.17,0.9,1,1.4,443
34,14,122,54,0,6.11,9.83,2.98,4.07,2.89,1,2.0,558
102,38,548,28,1,2.51,11.05,4.07,2.94,4.79,2,3.0,890
110,31,507,57,0,4.75,13.37,1.91,1.05,2.52,2,3.4,975
64,14,151,43,0,2.81,11.09,0.66,1.18,0.41,1,1.3,490
88,12,274,31,0,2.88,8.95,0.98,3.14,3.1,1,1.6,420
278,48,851,43,0,11.43,12.15,1.19,4.15,1.7,3,4.8,1238
46,15,116,42,1,5.9,9.75,1.5,2.08,4.28,1,2.0,309
555,90,1856,55,0,9.68,6.31,3.21,1.29,2.17,5,11.3,2528
62,18,266,46,1,8.04,12.51,3.0,4.34,0.96,1,1.4,542
555,95,1565,24,1,8.44,3.88,3.48,3.35,0.96,5,9.5,2855
152,22,507,53,0,2.45,10.29,1.81,2.24,3.84,2,3.7,948
224,57,665,59,1,3.58,12.46,4.12,2.44,1.33,3,4.5,1646
228,47,796,42,0,9.65,10.51,1.02,1.02,3.84,3,4.8,1639
68,12,201,29,1,11.68,10.06,2.35,3.13,1.03,1,1.1,528
238,45,941,27,1,3.89,10.78,4.0,1.79,1.61,3,5.1,1408
75,13,223,43,1,3.99,7.05,0.9,4.98,2.33,1,1.0,435
